{"a": 0.2952127659574469, "b": 0.2047872340425531, "d": 0.2047872340425531, "c": 0.2952127659574468}